1138126222,reddit.com,japerk,t3_5yba0
1138126304,reddit.com,japerk,t3_5yb9w
1138127610,reddit.com,siliconglen,t3_5yb9l
1138129431,reddit.com,jobicoppola,t3_5yb9e
1138129729,reddit.com,BlitzCraig,t3_5yb98
1138131205,reddit.com,blueluxe,t3_5yb92
1138131467,reddit.com,pbx,t3_5yb8z
1138134827,reddit.com,blueluxe,t3_5yb8k
1138134959,reddit.com,blueluxe,t3_5yb8i
1138134987,reddit.com,dodders,t3_5yb8g
1138134998,reddit.com,jenabell,t3_5yb8f
1138136520,reddit.com,friedbeef,t3_5yb88
1138136525,reddit.com,friedbeef,t3_5yb87
1138145838,reddit.com,rickgondrong,t3_5yb7a
1138210480,reddit.com,shobber,t3_5yb72
1138213288,reddit.com,naum,t3_5yb6t
1138219593,reddit.com,nickburlett,t3_5yb63
1138219915,reddit.com,lmpinto,t3_5yb5z
1138219962,reddit.com,lmpinto,t3_5yb5y
1138222722,reddit.com,johnrob,t3_5yb5r
1138222939,reddit.com,glinxkrot,t3_5yb5o
1138225310,reddit.com,amichail,t3_5yb5f
1138225485,reddit.com,tss,t3_5yb5b
1138227840,reddit.com,zach,t3_5yb52
1138227847,reddit.com,ebrage,t3_5yb51
1138297657,reddit.com,mattknox,t3_5yb41
1138297669,nsfw,t33l,t3_5yb40
1138298293,reddit.com,blueluxe,t3_5yb3w
1138298348,reddit.com,armadillo,t3_5yb3u
1138298500,reddit.com,n19,t3_5yb3q
1138298571,reddit.com,brendankohler,t3_5yb3o
1138300031,reddit.com,wanax,t3_5yb3l
1138300042,reddit.com,l0rddiabl0,t3_5yb3k
1138300366,reddit.com,psnajder,t3_5yb3e
1138302051,reddit.com,AaronSw,t3_5yb36
1138302205,reddit.com,redsquirrel,t3_5yb33
1138304336,reddit.com,blueluxe,t3_5yb2z
1138304359,reddit.com,jao,t3_5yb2y
1138304603,reddit.com,culix,t3_5yb2v
1138306611,reddit.com,glinxkrot,t3_5yb2o
1138306695,reddit.com,wjm0139,t3_5yb2l
1138308870,reddit.com,Jolan,t3_5yb2h
1138309991,reddit.com,njharman,t3_5yb2b
1138312341,nsfw,stephenjcole,t3_5yb24
1138312523,reddit.com,dangph,t3_5yb20
1138315864,reddit.com,rhettg,t3_5yb1y
1138383204,reddit.com,gst,t3_5yb1j
1138383208,reddit.com,[deleted],t3_5yb1h
1138384984,reddit.com,rnichols,t3_5yb1d
1138385028,reddit.com,AaronSw,t3_5yb1b
1138385225,reddit.com,karcass,t3_5yb19
1138385229,reddit.com,toffer,t3_5yb18
1138386397,reddit.com,thomaslknapp,t3_5yb14
1138386455,reddit.com,lmpinto,t3_5yb12
1138386463,reddit.com,lmpinto,t3_5yb11
1138386670,reddit.com,kaosfere,t3_5yb0y
1138386873,reddit.com,lmpinto,t3_5yb0w
1138386882,reddit.com,lmpinto,t3_5yb0v
1138388443,reddit.com,SearchEngines,t3_5yb0r
1138388697,reddit.com,omnipotentpoobah,t3_5yb0p
1138388733,reddit.com,jmelesky,t3_5yb0n
1138388767,reddit.com,dotcoma,t3_5yb0m
1138388801,reddit.com,smack,t3_5yb0l
1138390667,reddit.com,zorblek,t3_5yb0i
1138390852,reddit.com,zigglywiggly,t3_5yb0f
1138394459,reddit.com,groves,t3_5yb0a
1138398511,reddit.com,lmpinto,t3_5yazy
1138398544,reddit.com,Biohacker,t3_5yazw
1138398722,reddit.com,nhabedi,t3_5yazv
1138398724,reddit.com,bloomie,t3_5yazu
1138401187,reddit.com,samurai_cyborg,t3_5yazl
1138401279,reddit.com,njharman,t3_5yazk
1138401472,reddit.com,madmonky1,t3_5yazj
1138404098,reddit.com,wyclif,t3_5yaze
1138404100,reddit.com,lmpinto,t3_5yazd
1138404122,reddit.com,hitsman,t3_5yazc
1138404151,reddit.com,hitsman,t3_5yazb
1138404161,reddit.com,amichail,t3_5yaza
1138407995,reddit.com,lepton,t3_5yaz6
1138408645,reddit.com,rmc,t3_5yaz1
1138539465,reddit.com,rnichols,t3_5yayw
1138539906,reddit.com,emc2rae,t3_5yayv
1138540173,reddit.com,sctfn,t3_5yayr
1138540361,reddit.com,kevin_surbaugh,t3_5yayq
1138542300,reddit.com,[deleted],t3_5yayg
1138542326,reddit.com,mklink,t3_5yayf
1138544536,reddit.com,edsu,t3_5yay9
1138545211,reddit.com,harbinger,t3_5yay4
1138551847,reddit.com,[deleted],t3_5yaxq
1138554906,reddit.com,aes,t3_5yaxi
1138555094,reddit.com,[deleted],t3_5yaxh
1138555118,reddit.com,BioGeek,t3_5yaxg
1138555148,nsfw,slub,t3_5yaxe
1138555258,reddit.com,BioGeek,t3_5yaxb
1138555464,reddit.com,paddypower12,t3_5yax9
1138558470,reddit.com,tjdziuba,t3_5yawz
1138561266,reddit.com,greg123,t3_5yaww
1138561352,reddit.com,BioGeek,t3_5yawt
1138566602,reddit.com,netpioneer,t3_5yawa
1138566699,reddit.com,netpioneer,t3_5yaw9
1138566736,reddit.com,netpioneer,t3_5yaw8
1138566864,reddit.com,futurefind,t3_5yaw7
1138648877,reddit.com,rhettg,t3_5yavp
1138651255,reddit.com,wyoming_1,t3_5yavh
1138651272,reddit.com,lunas,t3_5yavg
1138651386,reddit.com,MrCalifornia,t3_5yave
1138654103,reddit.com,gutter,t3_5yav8
1138654240,reddit.com,BioGeek,t3_5yav6
1138654336,reddit.com,gutter,t3_5yav4
1138656440,reddit.com,mattknox,t3_5yauy
1138656543,reddit.com,scylla,t3_5yaux
1138661572,reddit.com,eglobe1,t3_5yaug
1138661637,reddit.com,eglobe1,t3_5yauf
1138661710,reddit.com,eglobe1,t3_5yaue
1138661808,reddit.com,eglobe1,t3_5yaub
1138661872,reddit.com,eglobe1,t3_5yaua
1138661934,reddit.com,eglobe1,t3_5yau8
1138664643,reddit.com,hitsman,t3_5yau6
1138664738,reddit.com,intiendes,t3_5yau5
1138664907,reddit.com,hitsman,t3_5yau4
1138664977,reddit.com,hitsman,t3_5yau3
1138664988,reddit.com,intiendes,t3_5yau2
1138665105,reddit.com,hitsman,t3_5yau1
1138665132,reddit.com,hitsman,t3_5yau0
1138665152,reddit.com,hitsman,t3_5yatz
1138667120,reddit.com,Fedquip,t3_5yatu
1138669701,reddit.com,jazzman,t3_5yati
1138669961,reddit.com,[deleted],t3_5yate
1138670064,reddit.com,BlitzCraig,t3_5yatd
1138736355,reddit.com,ibarrac,t3_5yat9
1138736421,nsfw,hotmonica,t3_5yat8
1138739073,reddit.com,trost,t3_5yasw
1138741762,reddit.com,lunas,t3_5yasq
1138741888,reddit.com,hrdan,t3_5yaso
1138742149,reddit.com,njharman,t3_5yasl
1138744509,reddit.com,rpratte,t3_5yasf
1138744530,reddit.com,ebrage,t3_5yase
1138744731,reddit.com,rpratte,t3_5yasc
1138744860,reddit.com,rpratte,t3_5yasa
1138746279,reddit.com,amichail,t3_5yas8
1138746360,reddit.com,BioGeek,t3_5yas4
1138746840,reddit.com,[deleted],t3_5yarz
1138750217,nsfw,hotmonica,t3_5yart
1138751779,reddit.com,BioGeek,t3_5yarm
1138751932,reddit.com,savagewit,t3_5yarj
